{
  "schemaVersion": 1,
  "reborn:lpteam": {
    "icon": "reborn:textures/skinpack_icons/lpteam.png",
    "type": "skin",
    "skins": [
      {"model": "reborn:skinpacks/lpteam/permdog99.cpmmodel"},
      {"model": "reborn:skinpacks/lpteam/agarilmao.cpmmodel"},
      {"model": "reborn:skinpacks/lpteam/mitsu.cpmmodel"}
    ]
  },
  "reborn:skinpack_1": {
    "icon": "reborn:textures/skinpack_icons/skinpack_1.png",
    "type": "skin",
    "skins": [
      {"model": "reborn:skinpacks/skinpack_1/knighttemplar.cpmmodel"},
      {"model": "reborn:skinpacks/skinpack_1/blackknight.cpmmodel"},
      {"model": "reborn:skinpacks/skinpack_1/wizard.cpmmodel"},
      {"model": "reborn:skinpacks/skinpack_1/creeper.cpmmodel"},
      {"model": "reborn:skinpacks/skinpack_1/squid.cpmmodel"},
      {"model": "reborn:skinpacks/skinpack_1/zombie.cpmmodel"},
      {"model": "reborn:skinpacks/skinpack_1/herobrine.cpmmodel"},
      {"model": "reborn:skinpacks/skinpack_1/jackofblades.cpmmodel"},
      {"model": "reborn:skinpacks/skinpack_1/hero.cpmmodel"},
      {"model": "reborn:skinpacks/skinpack_1/garth.cpmmodel"},
      {"model": "reborn:skinpacks/skinpack_1/reave.cpmmodel"},
      {"model": "reborn:skinpacks/skinpack_1/hammer.cpmmodel"},
      {"model": "reborn:skinpacks/skinpack_1/locustdrone.cpmmodel"},
      {"model": "reborn:skinpacks/skinpack_1/coletrain.cpmmodel"},
      {"model": "reborn:skinpacks/skinpack_1/claytoncarmine.cpmmodel"},
      {"model": "reborn:skinpacks/skinpack_1/masterchief.cpmmodel"},
      {"model": "reborn:skinpacks/skinpack_1/covenantgrunt.cpmmodel"},
      {"model": "reborn:skinpacks/skinpack_1/covenantbrute.cpmmodel"},
      {"model": "reborn:skinpacks/skinpack_1/banjo.cpmmodel"},
      {"model": "reborn:skinpacks/skinpack_1/grunty.cpmmodel"},
      {"model": "reborn:skinpacks/skinpack_1/bottles.cpmmodel"},
      {"model": "reborn:skinpacks/skinpack_1/tooty.cpmmodel"},
      {"model": "reborn:skinpacks/skinpack_1/mumbojumbo.cpmmodel"},
      {"model": "reborn:skinpacks/skinpack_1/klungo.cpmmodel"},
      {"model": "reborn:skinpacks/skinpack_1/trialsrider.cpmmodel"},
      {"model": "reborn:skinpacks/skinpack_1/freestyle.cpmmodel"},
      {"model": "reborn:skinpacks/skinpack_1/old-school.cpmmodel"},
      {"model": "reborn:skinpacks/skinpack_1/combat.cpmmodel"},
      {"model": "reborn:skinpacks/skinpack_1/biker.cpmmodel"},
      {"model": "reborn:skinpacks/skinpack_1/splosionman.cpmmodel"},
      {"model": "reborn:skinpacks/skinpack_1/scientistwilson.cpmmodel"},
      {"model": "reborn:skinpacks/skinpack_1/scientistdanklef.cpmmodel"},
      {"model": "reborn:skinpacks/skinpack_1/mssplosionman.cpmmodel"},
      {"model": "reborn:skinpacks/skinpack_1/mandyelite.cpmmodel"},
      {"model": "reborn:skinpacks/skinpack_1/racingdriver1.cpmmodel"},
      {"model": "reborn:skinpacks/skinpack_1/racingdriver2.cpmmodel"},
      {"model": "reborn:skinpacks/skinpack_1/racingdriver3.cpmmodel"},
      {"model": "reborn:skinpacks/skinpack_1/racingdriver4.cpmmodel"},
      {"model": "reborn:skinpacks/skinpack_1/nurse.cpmmodel"},
      {"model": "reborn:skinpacks/skinpack_1/prisoner.cpmmodel"},
      {"model": "reborn:skinpacks/skinpack_1/victorianswimmer.cpmmodel"},
      {"model": "reborn:skinpacks/skinpack_1/deepseadiver.cpmmodel"},
      {"model": "reborn:skinpacks/skinpack_1/king.cpmmodel"},
      {"model": "reborn:skinpacks/skinpack_1/queen.cpmmodel"},
      {"model": "reborn:skinpacks/skinpack_1/jester.cpmmodel"}
    ]
  },
  "reborn:skinpack_2": {
    "icon": "reborn:textures/skinpack_icons/skinpack_2.png",
    "type": "skin",
    "skins": [
      {"model": "reborn:skinpacks/skinpack_2/orangeknight.cpmmodel"},
      {"model": "reborn:skinpacks/skinpack_2/generalakamoto.cpmmodel"},
      {"model": "reborn:skinpacks/skinpack_2/otus.cpmmodel"},
      {"model": "reborn:skinpacks/skinpack_2/meatboy.cpmmodel"},
      {"model": "reborn:skinpacks/skinpack_2/agentcobalt.cpmmodel"},
      {"model": "reborn:skinpacks/skinpack_2/zap.cpmmodel"},
      {"model": "reborn:skinpacks/skinpack_2/buzz.cpmmodel"},
      {"model": "reborn:skinpacks/skinpack_2/glorg.cpmmodel"},
      {"model": "reborn:skinpacks/skinpack_2/theplayer.cpmmodel"},
      {"model": "reborn:skinpacks/skinpack_2/spelunkyguy.cpmmodel"},
      {"model": "reborn:skinpacks/skinpack_2/pilot.cpmmodel"},
      {"model": "reborn:skinpacks/skinpack_2/sailor.cpmmodel"},
      {"model": "reborn:skinpacks/skinpack_2/pirate.cpmmodel"},
      {"model": "reborn:skinpacks/skinpack_2/ninja.cpmmodel"},
      {"model": "reborn:skinpacks/skinpack_2/elf.cpmmodel"},
      {"model": "reborn:skinpacks/skinpack_2/enderman.cpmmodel"},
      {"model": "reborn:skinpacks/skinpack_2/pig.cpmmodel"},
      {"model": "reborn:skinpacks/skinpack_2/sheep.cpmmodel"},
      {"model": "reborn:skinpacks/skinpack_2/nakedsheep.cpmmodel"},
      {"model": "reborn:skinpacks/skinpack_2/spider.cpmmodel"},
      {"model": "reborn:skinpacks/skinpack_2/marcusfenix.cpmmodel"},
      {"model": "reborn:skinpacks/skinpack_2/skorge.cpmmodel"},
      {"model": "reborn:skinpacks/skinpack_2/anyastroud.cpmmodel"},
      {"model": "reborn:skinpacks/skinpack_2/damonbaird.cpmmodel"},
      {"model": "reborn:skinpacks/skinpack_2/joannadark.cpmmodel"},
      {"model": "reborn:skinpacks/skinpack_2/joannadarkdress.cpmmodel"},
      {"model": "reborn:skinpacks/skinpack_2/elvis.cpmmodel"},
      {"model": "reborn:skinpacks/skinpack_2/joannadarkzero.cpmmodel"},
      {"model": "reborn:skinpacks/skinpack_2/juno.cpmmodel"},
      {"model": "reborn:skinpacks/skinpack_2/vela.cpmmodel"},
      {"model": "reborn:skinpacks/skinpack_2/lupus.cpmmodel"},
      {"model": "reborn:skinpacks/skinpack_2/bill.cpmmodel"},
      {"model": "reborn:skinpacks/skinpack_2/louis.cpmmodel"},
      {"model": "reborn:skinpacks/skinpack_2/francis.cpmmodel"},
      {"model": "reborn:skinpacks/skinpack_2/zoey.cpmmodel"},
      {"model": "reborn:skinpacks/skinpack_2/witch.cpmmodel"},
      {"model": "reborn:skinpacks/skinpack_2/boomer.cpmmodel"},
      {"model": "reborn:skinpacks/skinpack_2/hunter.cpmmodel"},
      {"model": "reborn:skinpacks/skinpack_2/agentlevel5.cpmmodel"},
      {"model": "reborn:skinpacks/skinpack_2/horstashio.cpmmodel"},
      {"model": "reborn:skinpacks/skinpack_2/pretztail.cpmmodel"},
      {"model": "reborn:skinpacks/skinpack_2/fizzlybear.cpmmodel"},
      {"model": "reborn:skinpacks/skinpack_2/redknight.cpmmodel"},
      {"model": "reborn:skinpacks/skinpack_2/blueknight.cpmmodel"},
      {"model": "reborn:skinpacks/skinpack_2/greenknight.cpmmodel"}
    ]
  },
  "reborn:skinpack_3": {
    "icon": "reborn:textures/skinpack_icons/skinpack_3.png",
    "type": "skin",
    "skins": [
      {"model": "reborn:skinpacks/skinpack_3/castaway.cpmmodel"},
      {"model": "reborn:skinpacks/skinpack_3/vagrant.cpmmodel"},
      {"model": "reborn:skinpacks/skinpack_3/carpenter.cpmmodel"},
      {"model": "reborn:skinpacks/skinpack_3/blacksmith.cpmmodel"},
      {"model": "reborn:skinpacks/skinpack_3/scribe.cpmmodel"},
      {"model": "reborn:skinpacks/skinpack_3/watchman.cpmmodel"},
      {"model": "reborn:skinpacks/skinpack_3/farmer.cpmmodel"},
      {"model": "reborn:skinpacks/skinpack_3/peasant.cpmmodel"},
      {"model": "reborn:skinpacks/skinpack_3/baron.cpmmodel"},
      {"model": "reborn:skinpacks/skinpack_3/zombiepigman.cpmmodel"},
      {"model": "reborn:skinpacks/skinpack_3/zombieherobrine.cpmmodel"},
      {"model": "reborn:skinpacks/skinpack_3/cow.cpmmodel"},
      {"model": "reborn:skinpacks/skinpack_3/skeleton.cpmmodel"},
      {"model": "reborn:skinpacks/skinpack_3/conkerlr.cpmmodel"},
      {"model": "reborn:skinpacks/skinpack_3/lonestar.cpmmodel"},
      {"model": "reborn:skinpacks/skinpack_3/clunk.cpmmodel"},
      {"model": "reborn:skinpacks/skinpack_3/yuri.cpmmodel"},
      {"model": "reborn:skinpacks/skinpack_3/penyen.cpmmodel"},
      {"model": "reborn:skinpacks/skinpack_3/bomack.cpmmodel"},
      {"model": "reborn:skinpacks/skinpack_3/zephyr.cpmmodel"},
      {"model": "reborn:skinpacks/skinpack_3/juan.cpmmodel"},
      {"model": "reborn:skinpacks/skinpack_3/commandervideo.cpmmodel"},
      {"model": "reborn:skinpacks/skinpack_3/coach.cpmmodel"},
      {"model": "reborn:skinpacks/skinpack_3/nick.cpmmodel"},
      {"model": "reborn:skinpacks/skinpack_3/rochelle.cpmmodel"},
      {"model": "reborn:skinpacks/skinpack_3/ellis.cpmmodel"},
      {"model": "reborn:skinpacks/skinpack_3/headcrabscientist.cpmmodel"},
      {"model": "reborn:skinpacks/skinpack_3/gordonfreeman.cpmmodel"},
      {"model": "reborn:skinpacks/skinpack_3/barneycalhoun.cpmmodel"},
      {"model": "reborn:skinpacks/skinpack_3/dr.rosenberg.cpmmodel"},
      {"model": "reborn:skinpacks/skinpack_3/chell.cpmmodel"},
      {"model": "reborn:skinpacks/skinpack_3/atlas.cpmmodel"},
      {"model": "reborn:skinpacks/skinpack_3/p-body.cpmmodel"},
      {"model": "reborn:skinpacks/skinpack_3/theg-man.cpmmodel"},
      {"model": "reborn:skinpacks/skinpack_3/alyxvance.cpmmodel"},
      {"model": "reborn:skinpacks/skinpack_3/elivance.cpmmodel"},
      {"model": "reborn:skinpacks/skinpack_3/ittle.cpmmodel"},
      {"model": "reborn:skinpacks/skinpack_3/joedanger.cpmmodel"},
      {"model": "reborn:skinpacks/skinpack_3/gunstringer.cpmmodel"},
      {"model": "reborn:skinpacks/skinpack_3/agent.cpmmodel"},
      {"model": "reborn:skinpacks/skinpack_3/peacekeeper.cpmmodel"},
      {"model": "reborn:skinpacks/skinpack_3/commando.cpmmodel"},
      {"model": "reborn:skinpacks/skinpack_3/ivan.cpmmodel"},
      {"model": "reborn:skinpacks/skinpack_3/dishwasher.cpmmodel"},
      {"model": "reborn:skinpacks/skinpack_3/chef.cpmmodel"}
    ]
  },
  "reborn:birthday_1": {
    "icon": "reborn:textures/skinpack_icons/birthday_1.png",
    "type": "skin",
    "skins": [
      {"model": "reborn:skinpacks/birthday_1/partysteve.cpmmodel"},
      {"model": "reborn:skinpacks/birthday_1/partytuxedocreeper.cpmmodel"},
      {"model": "reborn:skinpacks/birthday_1/cakezombie.cpmmodel"},
      {"model": "reborn:skinpacks/birthday_1/partypigman.cpmmodel"},
      {"model": "reborn:skinpacks/birthday_1/partyherobrine.cpmmodel"},
      {"model": "reborn:skinpacks/birthday_1/partyskeleton.cpmmodel"},
      {"model": "reborn:skinpacks/birthday_1/partypig.cpmmodel"},
      {"model": "reborn:skinpacks/birthday_1/partycow.cpmmodel"},
      {"model": "reborn:skinpacks/birthday_1/partysquid.cpmmodel"},
      {"model": "reborn:skinpacks/birthday_1/partysnowgolem.cpmmodel"},
      {"model": "reborn:skinpacks/birthday_1/partyenderman.cpmmodel"},
      {"model": "reborn:skinpacks/birthday_1/partyirongolem.cpmmodel"},
      {"model": "reborn:skinpacks/birthday_1/tophattuxedosheep.cpmmodel"},
      {"model": "reborn:skinpacks/birthday_1/mooshroom.cpmmodel"},
      {"model": "reborn:skinpacks/birthday_1/dog.cpmmodel"},
      {"model": "reborn:skinpacks/birthday_1/stevecreeperboxhead.cpmmodel"},
      {"model": "reborn:skinpacks/birthday_1/creepersteveboxhead.cpmmodel"},
      {"model": "reborn:skinpacks/birthday_1/farmervillager.cpmmodel"},
      {"model": "reborn:skinpacks/birthday_1/birthdaypresentman.cpmmodel"},
      {"model": "reborn:skinpacks/birthday_1/slimeman.cpmmodel"},
      {"model": "reborn:skinpacks/birthday_1/birthdaycakeman.cpmmodel"},
      {"model": "reborn:skinpacks/birthday_1/blazeman.cpmmodel"},
      {"model": "reborn:skinpacks/birthday_1/enderdragon.cpmmodel"}
    ]
  },
  "reborn:summer_of_arcade": {
    "icon": "reborn:textures/skinpack_icons/summer_of_arcade.png",
    "type": "skin",
    "skins": [
      {"model": "reborn:skinpacks/summer_of_arcade/paladin.cpmmodel"},
      {"model": "reborn:skinpacks/summer_of_arcade/variant.cpmmodel"},
      {"model": "reborn:skinpacks/summer_of_arcade/randallwayne.cpmmodel"},
      {"model": "reborn:skinpacks/summer_of_arcade/stellapatterson.cpmmodel"},
      {"model": "reborn:skinpacks/summer_of_arcade/skinnyzombie.cpmmodel"},
      {"model": "reborn:skinpacks/summer_of_arcade/zombief.cpmmodel"},
      {"model": "reborn:skinpacks/summer_of_arcade/wreck.cpmmodel"},
      {"model": "reborn:skinpacks/summer_of_arcade/knight.cpmmodel"},
      {"model": "reborn:skinpacks/summer_of_arcade/hotgoblin.cpmmodel"},
      {"model": "reborn:skinpacks/summer_of_arcade/bunnysuitgoblin.cpmmodel"},
      {"model": "reborn:skinpacks/summer_of_arcade/dust.cpmmodel"},
      {"model": "reborn:skinpacks/summer_of_arcade/fidget.cpmmodel"},
      {"model": "reborn:skinpacks/summer_of_arcade/tonyhawk.cpmmodel"},
      {"model": "reborn:skinpacks/summer_of_arcade/ollie.cpmmodel"},
      {"model": "reborn:skinpacks/summer_of_arcade/officerdick.cpmmodel"}
    ]
  },
  "reborn:battle_beasts_1": {
    "icon": "reborn:textures/skinpack_icons/battle_beasts_1.png",
    "type": "skin",
    "skins": [
      {"model": "reborn:skinpacks/battle_beasts_1/suitenderman.cpmmodel"},
      {"model": "reborn:skinpacks/battle_beasts_1/suitzombie.cpmmodel"},
      {"model": "reborn:skinpacks/battle_beasts_1/suitcavespider.cpmmodel"},
      {"model": "reborn:skinpacks/battle_beasts_1/suitchicken.cpmmodel"},
      {"model": "reborn:skinpacks/battle_beasts_1/zebra.cpmmodel"},
      {"model": "reborn:skinpacks/battle_beasts_1/panther.cpmmodel"},
      {"model": "reborn:skinpacks/battle_beasts_1/warthog.cpmmodel"},
      {"model": "reborn:skinpacks/battle_beasts_1/mandrillbaboon.cpmmodel"},
      {"model": "reborn:skinpacks/battle_beasts_1/meerkat.cpmmodel"},
      {"model": "reborn:skinpacks/battle_beasts_1/rhinoceros.cpmmodel"},
      {"model": "reborn:skinpacks/battle_beasts_1/hippopotamus.cpmmodel"},
      {"model": "reborn:skinpacks/battle_beasts_1/elephant.cpmmodel"},
      {"model": "reborn:skinpacks/battle_beasts_1/lion.cpmmodel"},
      {"model": "reborn:skinpacks/battle_beasts_1/aardvark.cpmmodel"},
      {"model": "reborn:skinpacks/battle_beasts_1/leopard.cpmmodel"},
      {"model": "reborn:skinpacks/battle_beasts_1/gnu.cpmmodel"},
      {"model": "reborn:skinpacks/battle_beasts_1/hyena.cpmmodel"},
      {"model": "reborn:skinpacks/battle_beasts_1/antelope.cpmmodel"},
      {"model": "reborn:skinpacks/battle_beasts_1/gorilla.cpmmodel"},
      {"model": "reborn:skinpacks/battle_beasts_1/bushbaby.cpmmodel"},
      {"model": "reborn:skinpacks/battle_beasts_1/crocodile.cpmmodel"},
      {"model": "reborn:skinpacks/battle_beasts_1/spartan.cpmmodel"},
      {"model": "reborn:skinpacks/battle_beasts_1/roman.cpmmodel"},
      {"model": "reborn:skinpacks/battle_beasts_1/norseraider.cpmmodel"},
      {"model": "reborn:skinpacks/battle_beasts_1/medievalknight.cpmmodel"},
      {"model": "reborn:skinpacks/battle_beasts_1/samuraiwarrior.cpmmodel"},
      {"model": "reborn:skinpacks/battle_beasts_1/steppeswarrior.cpmmodel"},
      {"model": "reborn:skinpacks/battle_beasts_1/nativeamerican.cpmmodel"},
      {"model": "reborn:skinpacks/battle_beasts_1/cowhand.cpmmodel"},
      {"model": "reborn:skinpacks/battle_beasts_1/southernafricanwarrior.cpmmodel"},
      {"model": "reborn:skinpacks/battle_beasts_1/imperialbritishsoldier.cpmmodel"},
      {"model": "reborn:skinpacks/battle_beasts_1/africanwarrior.cpmmodel"},
      {"model": "reborn:skinpacks/battle_beasts_1/imperialfrenchsoldier.cpmmodel"},
      {"model": "reborn:skinpacks/battle_beasts_1/spartanf.cpmmodel"},
      {"model": "reborn:skinpacks/battle_beasts_1/romanf.cpmmodel"},
      {"model": "reborn:skinpacks/battle_beasts_1/norseraiderf.cpmmodel"},
      {"model": "reborn:skinpacks/battle_beasts_1/medievalknightf.cpmmodel"},
      {"model": "reborn:skinpacks/battle_beasts_1/samuraiwarriorf.cpmmodel"},
      {"model": "reborn:skinpacks/battle_beasts_1/steppeswarriorf.cpmmodel"},
      {"model": "reborn:skinpacks/battle_beasts_1/nativeamericanf.cpmmodel"},
      {"model": "reborn:skinpacks/battle_beasts_1/cowhandf.cpmmodel"},
      {"model": "reborn:skinpacks/battle_beasts_1/southernafricanwarriorf.cpmmodel"},
      {"model": "reborn:skinpacks/battle_beasts_1/imperialbritishsoldierf.cpmmodel"},
      {"model": "reborn:skinpacks/battle_beasts_1/africanwarriorf.cpmmodel"},
      {"model": "reborn:skinpacks/battle_beasts_1/imperialfrenchsoldierf.cpmmodel"}
    ]
  },
  "reborn:battle_beasts_2": {
    "icon": "reborn:textures/skinpack_icons/battle_beasts_2.png",
    "type": "skin",
    "skins": [
      {"model": "reborn:skinpacks/battle_beasts_2/babyghast.cpmmodel"},
      {"model": "reborn:skinpacks/battle_beasts_2/siamesecat.cpmmodel"},
      {"model": "reborn:skinpacks/battle_beasts_2/rabbit.cpmmodel"},
      {"model": "reborn:skinpacks/battle_beasts_2/tiger.cpmmodel"},
      {"model": "reborn:skinpacks/battle_beasts_2/snowleopard.cpmmodel"},
      {"model": "reborn:skinpacks/battle_beasts_2/fungicreature.cpmmodel"},
      {"model": "reborn:skinpacks/battle_beasts_2/nethercreature.cpmmodel"},
      {"model": "reborn:skinpacks/battle_beasts_2/giantpanda.cpmmodel"},
      {"model": "reborn:skinpacks/battle_beasts_2/redpanda.cpmmodel"},
      {"model": "reborn:skinpacks/battle_beasts_2/lemur.cpmmodel"},
      {"model": "reborn:skinpacks/battle_beasts_2/shark.cpmmodel"},
      {"model": "reborn:skinpacks/battle_beasts_2/walrus.cpmmodel"},
      {"model": "reborn:skinpacks/battle_beasts_2/dolphin.cpmmodel"},
      {"model": "reborn:skinpacks/battle_beasts_2/narwhal.cpmmodel"},
      {"model": "reborn:skinpacks/battle_beasts_2/orca.cpmmodel"},
      {"model": "reborn:skinpacks/battle_beasts_2/gecko.cpmmodel"},
      {"model": "reborn:skinpacks/battle_beasts_2/fox.cpmmodel"},
      {"model": "reborn:skinpacks/battle_beasts_2/toad.cpmmodel"},
      {"model": "reborn:skinpacks/battle_beasts_2/sloth.cpmmodel"},
      {"model": "reborn:skinpacks/battle_beasts_2/badger.cpmmodel"},
      {"model": "reborn:skinpacks/battle_beasts_2/starnosedmole.cpmmodel"},
      {"model": "reborn:skinpacks/battle_beasts_2/capybara.cpmmodel"},
      {"model": "reborn:skinpacks/battle_beasts_2/hedgehog.cpmmodel"},
      {"model": "reborn:skinpacks/battle_beasts_2/octopus.cpmmodel"},
      {"model": "reborn:skinpacks/battle_beasts_2/molerat.cpmmodel"},
      {"model": "reborn:skinpacks/battle_beasts_2/masai.cpmmodel"},
      {"model": "reborn:skinpacks/battle_beasts_2/masaif.cpmmodel"},
      {"model": "reborn:skinpacks/battle_beasts_2/musketeer.cpmmodel"},
      {"model": "reborn:skinpacks/battle_beasts_2/musketeerf.cpmmodel"},
      {"model": "reborn:skinpacks/battle_beasts_2/incan.cpmmodel"},
      {"model": "reborn:skinpacks/battle_beasts_2/incanf.cpmmodel"},
      {"model": "reborn:skinpacks/battle_beasts_2/maori.cpmmodel"},
      {"model": "reborn:skinpacks/battle_beasts_2/maorif.cpmmodel"},
      {"model": "reborn:skinpacks/battle_beasts_2/arabian.cpmmodel"},
      {"model": "reborn:skinpacks/battle_beasts_2/arabianf.cpmmodel"},
      {"model": "reborn:skinpacks/battle_beasts_2/cossack.cpmmodel"},
      {"model": "reborn:skinpacks/battle_beasts_2/cossackf.cpmmodel"},
      {"model": "reborn:skinpacks/battle_beasts_2/conquistador.cpmmodel"},
      {"model": "reborn:skinpacks/battle_beasts_2/conquistadorf.cpmmodel"},
      {"model": "reborn:skinpacks/battle_beasts_2/barbarian.cpmmodel"},
      {"model": "reborn:skinpacks/battle_beasts_2/barbarianf.cpmmodel"},
      {"model": "reborn:skinpacks/battle_beasts_2/egyptian.cpmmodel"},
      {"model": "reborn:skinpacks/battle_beasts_2/egyptianf.cpmmodel"},
      {"model": "reborn:skinpacks/battle_beasts_2/highland.cpmmodel"},
      {"model": "reborn:skinpacks/battle_beasts_2/highlandf.cpmmodel"}
    ]
  },
  "reborn:halloween_charity": {
    "icon": "reborn:textures/skinpack_icons/halloween_charity.png",
    "type": "skin",
    "skins": [
      {"model": "reborn:skinpacks/halloween_charity/captainzombietwistedpixelgames.cpmmodel"},
      {"model": "reborn:skinpacks/halloween_charity/draculaarmyoftrolls.cpmmodel"},
      {"model": "reborn:skinpacks/halloween_charity/evilmaxpressplay.cpmmodel"},
      {"model": "reborn:skinpacks/halloween_charity/ghoul4jstudios.cpmmodel"},
      {"model": "reborn:skinpacks/halloween_charity/greggthegrimreaperrare.cpmmodel"},
      {"model": "reborn:skinpacks/halloween_charity/greyclimaxstudio.cpmmodel"},
      {"model": "reborn:skinpacks/halloween_charity/happyzombieclerictoylogic.cpmmodel"},
      {"model": "reborn:skinpacks/halloween_charity/jackotequilaworks.cpmmodel"},
      {"model": "reborn:skinpacks/halloween_charity/lizardmanclimaxstudios.cpmmodel"},
      {"model": "reborn:skinpacks/halloween_charity/miningunit010tequilaworks.cpmmodel"},
      {"model": "reborn:skinpacks/halloween_charity/mummy4jstudios.cpmmodel"},
      {"model": "reborn:skinpacks/halloween_charity/pumpkinarmyoftrolls.cpmmodel"},
      {"model": "reborn:skinpacks/halloween_charity/scaryclown4jstudios.cpmmodel"},
      {"model": "reborn:skinpacks/halloween_charity/splodetontwistedpixelgames.cpmmodel"},
      {"model": "reborn:skinpacks/halloween_charity/thegunstringertwistedpixelgames.cpmmodel"},
      {"model": "reborn:skinpacks/halloween_charity/werewolf4jstudios.cpmmodel"},
      {"model": "reborn:skinpacks/halloween_charity/zippyzombierare.cpmmodel"},
      {"model": "reborn:skinpacks/halloween_charity/zombiebusinessmanclimaxstudios.cpmmodel"},
      {"model": "reborn:skinpacks/halloween_charity/zombieclimaxstudios.cpmmodel"},
      {"model": "reborn:skinpacks/halloween_charity/zombielonestarronimogames.cpmmodel"}
    ]
  }
}